System,Processor,Memory,Infected/Normal
Sys1,-0.957534764,-3.178586806,Normal
Sys7,-0.92954014,-0.213724991,Normal
Sys9,-1.482450968,-2.672421739,Normal
Sys13,-1.398396819,-0.240478677,Normal
Sys14,-2.490980916,1.484893082,Normal
Sys15,0.734095538,1.422292317,Normal
Sys18,-0.825797098,0.453686316,Normal
Sys22,-1.781325888,0.444036194,Normal
Sys23,-1.707178947,-2.295689918,Normal
Sys25,1.436145617,-0.547416247,Normal
Sys26,-0.275109618,-2.494848769,Normal
Sys27,-2.413785198,-1.843171216,Normal
Sys28,-0.709282971,-2.145936672,Normal
Sys29,-0.8315481,-1.945557376,Normal
Sys30,-0.575973521,-1.282984483,Normal
Sys33,-0.365503953,-0.519117982,Normal
Sys35,1.906338296,-1.038401379,Infected
Sys36,-0.32248223,-0.569976119,Normal
Sys38,-1.001164541,-0.853574231,Normal
Sys39,1.305219004,-0.716774284,Normal
Sys40,-0.437301243,1.576959405,Normal
Sys45,2.653076837,2.077162509,Infected
Sys46,1.362492963,1.418522393,Normal
Sys47,2.384643615,1.053699074,Infected
Sys49,0.72171133,-0.929447546,Normal
Sys50,2.007416428,-0.601563934,Infected
Sys52,-1.316272135,-1.12929659,Normal
Sys53,-0.574690681,-0.187242012,Normal
Sys56,-0.919570683,-0.934130988,Normal
Sys57,-0.42520591,-0.851509303,Normal
Sys60,0.140137253,2.298256448,Normal
Sys61,-1.219104747,-0.428239752,Normal
Sys63,0.955506456,1.436065465,Normal
Sys64,-0.507614159,0.875792655,Normal
Sys65,-0.310348869,-0.565439826,Normal
Sys68,-0.608829686,-0.72051542,Normal
Sys69,-0.135735941,1.436307804,Normal
Sys70,-0.703566174,-0.802374516,Normal
Sys71,-0.508675681,-1.509090442,Normal
Sys72,-0.431816209,-1.218376588,Normal
Sys74,-1.023336533,-0.293363423,Normal
Sys76,-0.066644025,-0.851760304,Normal
Sys77,-2.399032664,-0.226382408,Normal
Sys78,-0.456978685,-0.434895285,Normal
Sys79,-2.37950763,-1.210169313,Normal
Sys80,0.353448489,-0.605444305,Normal
Sys83,0.19904016,-1.841634199,Normal
Sys84,-2.458267636,-1.917827299,Normal
Sys86,0.053917723,-1.119375173,Normal
Sys89,1.37242965,1.596476035,Normal
Sys90,0.126960697,0.13146752,Normal
Sys92,0.854054702,1.88494608,Normal
Sys94,-1.22024214,-0.584684063,Normal
Sys95,0.670373517,1.635202141,Normal
Sys97,-3.151675406,-1.777018336,Normal
Sys99,0.527494033,1.560632302,Normal
Sys101,-0.514328551,-0.76349828,Normal
Sys103,0.172418901,0.808296787,Normal
Sys105,-0.499469231,-0.328687815,Normal
Sys106,-0.295324858,0.195857723,Normal
Sys107,-1.371584765,-1.785960579,Normal
Sys108,-1.374604021,-0.705112015,Normal
Sys109,0.567898999,0.401117347,Normal
Sys111,2.047921563,-0.847964208,Infected
Sys113,1.308203491,2.569850306,Normal
Sys114,-1.676643278,1.813909909,Normal
Sys116,-0.891375462,-0.297115127,Normal
Sys118,-0.654099451,0.057587487,Normal
Sys119,2.084722888,1.469579755,Infected
Sys120,-1.037207732,-0.804002813,Normal
Sys121,-1.184543576,0.196274527,Normal
Sys123,2.051580088,0.007192927,Infected
Sys124,1.667540017,-0.906340311,Infected
Sys125,-0.834297631,-0.830148635,Normal
Sys126,-0.255908307,0.260609416,Normal
Sys127,-0.044904868,0.690290609,Normal
Sys128,-0.914999826,0.023049196,Normal
Sys129,3.142826197,0.329149574,Infected
Sys130,1.540942665,0.042005635,Normal
Sys131,0.175670725,-0.830431008,Normal
Sys132,-0.021592386,-0.706008231,Normal
Sys133,0.445198418,-1.756295594,Normal
Sys134,-1.623851794,-2.646422693,Normal
Sys135,-1.082685782,-2.607551744,Normal
Sys137,-1.994629499,-0.071210136,Normal
Sys138,2.292577034,1.463595066,Infected
Sys140,-0.114116377,-1.758043065,Normal
Sys143,-1.05882766,-2.274429501,Normal
Sys144,1.054215154,0.71163699,Normal
Sys145,-0.868904635,-0.208143981,Normal
Sys146,-0.972983511,-0.349389868,Normal
Sys147,-1.438653392,-0.043686606,Normal
Sys150,-1.752484196,-2.75107856,Normal
Sys151,-1.54979818,-1.857514927,Normal
Sys153,-1.037184656,-1.118359166,Normal
Sys154,-1.0926815,-0.283539329,Normal
Sys155,-1.337992744,-1.200125128,Normal
Sys158,0.494830527,-0.916103225,Normal
Sys160,-1.404171617,0.328420627,Normal
Sys161,0.944002908,-1.399309701,Normal
Sys162,0.067610378,-1.243687448,Normal
Sys163,0.004100345,0.598861612,Normal
Sys164,0.886370832,0.742698831,Normal
Sys165,-0.701090977,-0.919276826,Normal
Sys166,-0.536477615,-0.846176252,Normal
Sys168,0.035862199,-1.282945318,Normal
Sys169,-2.895339359,-0.96398249,Normal
Sys170,-1.519753947,-2.735673865,Normal
Sys172,-1.427218201,-0.017255991,Normal
Sys175,-0.435622672,-0.008172084,Normal
Sys176,0.841122836,-0.701977478,Normal
Sys179,0.991020491,2.518787175,Normal
Sys181,-0.075082981,-0.571929249,Normal
Sys182,-0.269610613,-0.700382957,Normal
Sys184,2.0185198,1.888480485,Infected
Sys185,1.212914177,0.221908061,Normal
Sys186,1.202027717,0.91799421,Normal
Sys187,-1.779684997,0.330480247,Normal
Sys191,-2.676003334,-1.160595247,Normal
Sys192,-1.192083492,-0.267742484,Normal
Sys193,-0.223083109,-0.860281851,Normal
Sys194,-0.04274162,-2.549035185,Normal
Sys195,0.410152387,2.40080229,Normal
Sys196,-2.921803277,-1.155082288,Normal
Sys200,-1.939243796,-2.206365223,Normal
Sys202,-1.153670666,-3.069152792,Normal
Sys204,0.384304686,-1.112275556,Normal
Sys209,-2.832291414,-2.360047025,Normal
Sys210,-2.158198212,-1.596990871,Normal
Sys212,-1.45785641,0.047818261,Normal
Sys213,0.756392969,-1.893336628,Normal
Sys215,0.712093129,-1.376412853,Normal
Sys216,-1.900937232,-1.646406234,Normal
Sys220,-1.393155232,-0.009813299,Normal
Sys221,-1.309366334,-1.335611253,Normal
Sys222,-2.792298055,-0.976466496,Normal
Sys223,-0.048689015,0.909132019,Normal
Sys226,0.101342559,-0.332670092,Normal
Sys227,-0.93100545,-0.003821975,Normal
Sys230,-1.087001364,-1.476477083,Normal
Sys234,0.039651966,-2.545641153,Normal
Sys235,-0.288758695,-1.869746665,Normal
Sys237,0.800954608,2.049366099,Normal
Sys238,-2.498292948,-0.664682115,Normal
Sys241,-0.925614053,0.122243425,Normal
Sys243,-1.837446318,-2.291384706,Normal
Sys247,0.267240163,-0.461053079,Normal
