Processor,Memory,Infected/Normal
-0.957534764,-3.178586806,0
-0.92954014,-0.213724991,0
-1.482450968,-2.672421739,0
-1.398396819,-0.240478677,0
-2.490980916,1.484893082,0
0.734095538,1.422292317,0
-0.825797098,0.453686316,0
-1.781325888,0.444036194,0
-1.707178947,-2.295689918,0
-0.275109618,-2.494848769,0
-2.413785198,-1.843171216,0
-0.709282971,-2.145936672,0
-0.8315481,-1.945557376,0
-0.575973521,-1.282984483,0
-0.365503953,-0.519117982,0
-0.32248223,-0.569976119,0
-1.001164541,-0.853574231,0
-0.437301243,1.576959405,0
0.72171133,-0.929447546,0
-1.316272135,-1.12929659,0
-0.574690681,-0.187242012,0
-0.919570683,-0.934130988,0
-0.42520591,-0.851509303,0
0.140137253,2.298256448,0
-1.219104747,-0.428239752,0
0.955506456,1.436065465,0
-0.507614159,0.875792655,0
-0.310348869,-0.565439826,0
-0.608829686,-0.72051542,0
-0.135735941,1.436307804,0
-0.703566174,-0.802374516,0
-0.508675681,-1.509090442,0
-0.431816209,-1.218376588,0
-1.023336533,-0.293363423,0
-0.066644025,-0.851760304,0
-2.399032664,-0.226382408,0
-0.456978685,-0.434895285,0
-2.37950763,-1.210169313,0
0.353448489,-0.605444305,0
0.19904016,-1.841634199,0
-2.458267636,-1.917827299,0
0.053917723,-1.119375173,0
0.126960697,0.13146752,0
0.854054702,1.88494608,0
-1.22024214,-0.584684063,0
0.670373517,1.635202141,0
-3.151675406,-1.777018336,0
0.527494033,1.560632302,0
-0.514328551,-0.76349828,0
0.172418901,0.808296787,0
-0.499469231,-0.328687815,0
-0.295324858,0.195857723,0
-1.371584765,-1.785960579,0
-1.374604021,-0.705112015,0
0.567898999,0.401117347,0
-1.676643278,1.813909909,0
-0.891375462,-0.297115127,0
-0.654099451,0.057587487,0
-1.037207732,-0.804002813,0
-1.184543576,0.196274527,0
-0.834297631,-0.830148635,0
-0.255908307,0.260609416,0
-0.044904868,0.690290609,0
-0.914999826,0.023049196,0
0.175670725,-0.830431008,0
-0.021592386,-0.706008231,0
0.445198418,-1.756295594,0
-1.623851794,-2.646422693,0
-1.082685782,-2.607551744,0
-1.994629499,-0.071210136,0
-0.114116377,-1.758043065,0
-1.05882766,-2.274429501,0
1.054215154,0.71163699,0
-0.868904635,-0.208143981,0
-0.972983511,-0.349389868,0
-1.438653392,-0.043686606,0
-1.752484196,-2.75107856,0
-1.54979818,-1.857514927,0
-1.037184656,-1.118359166,0
-1.0926815,-0.283539329,0
-1.337992744,-1.200125128,0
0.494830527,-0.916103225,0
-1.404171617,0.328420627,0
0.944002908,-1.399309701,0
0.067610378,-1.243687448,0
0.004100345,0.598861612,0
0.886370832,0.742698831,0
-0.701090977,-0.919276826,0
-0.536477615,-0.846176252,0
0.035862199,-1.282945318,0
-2.895339359,-0.96398249,0
-1.519753947,-2.735673865,0
-1.427218201,-0.017255991,0
-0.435622672,-0.008172084,0
0.841122836,-0.701977478,0
0.991020491,2.518787175,0
-0.075082981,-0.571929249,0
-0.269610613,-0.700382957,0
-1.779684997,0.330480247,0
-2.676003334,-1.160595247,0
-1.192083492,-0.267742484,0
-0.223083109,-0.860281851,0
-0.04274162,-2.549035185,0
0.410152387,2.40080229,0
-2.921803277,-1.155082288,0
-1.939243796,-2.206365223,0
-1.153670666,-3.069152792,0
0.384304686,-1.112275556,0
-2.832291414,-2.360047025,0
-2.158198212,-1.596990871,0
-1.45785641,0.047818261,0
0.756392969,-1.893336628,0
0.712093129,-1.376412853,0
-1.900937232,-1.646406234,0
-1.393155232,-0.009813299,0
-1.309366334,-1.335611253,0
-2.792298055,-0.976466496,0
-0.048689015,0.909132019,0
0.101342559,-0.332670092,0
-0.93100545,-0.003821975,0
-1.087001364,-1.476477083,0
0.039651966,-2.545641153,0
-0.288758695,-1.869746665,0
0.800954608,2.049366099,0
-2.498292948,-0.664682115,0
-0.925614053,0.122243425,0
-1.837446318,-2.291384706,0
0.267240163,-0.461053079,0
