System,Processor,Memory,
Sys1,-0.957534764,-3.178586806,
Sys7,-0.92954014,-0.213724991,
Sys9,-1.482450968,-2.672421739,
Sys13,-1.398396819,-0.240478677, 
Sys14,-2.490980916,1.484893082,
Sys15,0.734095538,1.422292317,
Sys18,-0.825797098,0.453686316,
Sys22,-1.781325888,0.444036194,
Sys23,-1.707178947,-2.295689918,
Sys25,1.436145617,-0.547416247,
Sys26,-0.275109618,-2.494848769,
Sys27,-2.413785198,-1.843171216,
Sys28,-0.709282971,-2.145936672,
Sys29,-0.8315481,-1.945557376,
Sys30,-0.575973521,-1.282984483,
Sys33,-0.365503953,-0.519117982,
Sys35,1.906338296,-1.038401379,
Sys36,-0.32248223,-0.569976119,
Sys38,-1.001164541,-0.853574231,
Sys39,1.305219004,-0.716774284,
Sys40,-0.437301243,1.576959405,
Sys45,2.653076837,2.077162509,
Sys46,1.362492963,1.418522393,
Sys47,2.384643615,1.053699074,
Sys49,0.72171133,-0.929447546,
Sys50,2.007416428,-0.601563934,
Sys52,-1.316272135,-1.12929659,
Sys53,-0.574690681,-0.187242012,
Sys56,-0.919570683,-0.934130988,
Sys57,-0.42520591,-0.851509303,
Sys60,0.140137253,2.298256448,
Sys61,-1.219104747,-0.428239752,
Sys63,0.955506456,1.436065465,
Sys64,-0.507614159,0.875792655,
Sys65,-0.310348869,-0.565439826,
Sys68,-0.608829686,-0.72051542,
Sys69,-0.135735941,1.436307804,
Sys70,-0.703566174,-0.802374516,
Sys71,-0.508675681,-1.509090442,
Sys72,-0.431816209,-1.218376588,
Sys74,-1.023336533,-0.293363423,
Sys76,-0.066644025,-0.851760304,
Sys77,-2.399032664,-0.226382408,
Sys78,-0.456978685,-0.434895285,
Sys79,-2.37950763,-1.210169313,
Sys80,0.353448489,-0.605444305,
Sys83,0.19904016,-1.841634199,
Sys84,-2.458267636,-1.917827299,
Sys86,0.053917723,-1.119375173,
Sys89,1.37242965,1.596476035,
Sys90,0.126960697,0.13146752,
Sys92,0.854054702,1.88494608,
Sys94,-1.22024214,-0.584684063,
Sys95,0.670373517,1.635202141,
Sys97,-3.151675406,-1.777018336,
Sys99,0.527494033,1.560632302,
Sys101,-0.514328551,-0.76349828,
Sys103,0.172418901,0.808296787,
Sys105,-0.499469231,-0.328687815,
Sys106,-0.295324858,0.195857723,
Sys107,-1.371584765,-1.785960579,
Sys108,-1.374604021,-0.705112015,
Sys109,0.567898999,0.401117347,
Sys111,2.047921563,-0.847964208,
Sys113,1.308203491,2.569850306,
Sys114,-1.676643278,1.813909909,
Sys116,-0.891375462,-0.297115127,
Sys118,-0.654099451,0.057587487,
Sys119,2.084722888,1.469579755,
Sys120,-1.037207732,-0.804002813,
Sys121,-1.184543576,0.196274527,
Sys123,2.051580088,0.007192927,
Sys124,1.667540017,-0.906340311,
Sys125,-0.834297631,-0.830148635,
Sys126,-0.255908307,0.260609416,
Sys127,-0.044904868,0.690290609,
Sys128,-0.914999826,0.023049196,
Sys129,3.142826197,0.329149574,
Sys130,1.540942665,0.042005635,
Sys131,0.175670725,-0.830431008,
Sys132,-0.021592386,-0.706008231,
Sys133,0.445198418,-1.756295594,
Sys134,-1.623851794,-2.646422693,
Sys135,-1.082685782,-2.607551744,
Sys137,-1.994629499,-0.071210136,
Sys138,2.292577034,1.463595066,
Sys140,-0.114116377,-1.758043065,
Sys143,-1.05882766,-2.274429501,
Sys144,1.054215154,0.71163699,
Sys145,-0.868904635,-0.208143981,
Sys146,-0.972983511,-0.349389868,
Sys147,-1.438653392,-0.043686606,
Sys150,-1.752484196,-2.75107856,
Sys151,-1.54979818,-1.857514927,
Sys153,-1.037184656,-1.118359166,
Sys154,-1.0926815,-0.283539329,
Sys155,-1.337992744,-1.200125128,
Sys158,0.494830527,-0.916103225,
Sys160,-1.404171617,0.328420627,
Sys161,0.944002908,-1.399309701,
Sys162,0.067610378,-1.243687448,
Sys163,0.004100345,0.598861612,
Sys164,0.886370832,0.742698831,
Sys165,-0.701090977,-0.919276826,
Sys166,-0.536477615,-0.846176252,
Sys168,0.035862199,-1.282945318,
Sys169,-2.895339359,-0.96398249,
Sys170,-1.519753947,-2.735673865,
Sys172,-1.427218201,-0.017255991,
Sys175,-0.435622672,-0.008172084,
Sys176,0.841122836,-0.701977478,
Sys179,0.991020491,2.518787175,
Sys181,-0.075082981,-0.571929249,
Sys182,-0.269610613,-0.700382957,
Sys184,2.0185198,1.888480485,
Sys185,1.212914177,0.221908061,
Sys186,1.202027717,0.91799421,
Sys187,-1.779684997,0.330480247,
Sys191,-2.676003334,-1.160595247,
Sys192,-1.192083492,-0.267742484,
Sys193,-0.223083109,-0.860281851,
Sys194,-0.04274162,-2.549035185,
Sys195,0.410152387,2.40080229,
Sys196,-2.921803277,-1.155082288,
Sys200,-1.939243796,-2.206365223,
Sys202,-1.153670666,-3.069152792,
Sys204,0.384304686,-1.112275556,
Sys209,-2.832291414,-2.360047025,
Sys210,-2.158198212,-1.596990871,
Sys212,-1.45785641,0.047818261,
Sys213,0.756392969,-1.893336628,
Sys215,0.712093129,-1.376412853,
Sys216,-1.900937232,-1.646406234,
Sys220,-1.393155232,-0.009813299,
Sys221,-1.309366334,-1.335611253,
Sys222,-2.792298055,-0.976466496,
Sys223,-0.048689015,0.909132019,
Sys226,0.101342559,-0.332670092,
Sys227,-0.93100545,-0.003821975,
Sys230,-1.087001364,-1.476477083,
Sys234,0.039651966,-2.545641153,
Sys235,-0.288758695,-1.869746665,
Sys237,0.800954608,2.049366099,
Sys238,-2.498292948,-0.664682115,
Sys241,-0.925614053,0.122243425,
Sys243,-1.837446318,-2.291384706,
Sys247,0.267240163,-0.461053079,
