Unknown Data Predictions,,,,,,,,,,,,
,,,,,,,,,,,,
,,,,,,,,,,,,
,,,,,,,,,,,,
,,, ,,,,,,,,,
,,,,,,,,,,,,
System,Processor,Memory,,Processor - Closer Mean,Memory - Closer Mean,Prediction - Processor Infected/Normal,Prediction -Memory Infected/Normal,,Difference Processor,Difference Memory,Determine Smaller Value,"Prediction (Infected =1, Normal = 0)"
Sys1,-0.957534764,-3.178586806,,-0.786125553,-1.055468882,0,0,,0.171409212,2.123117924,0.171409212,0
Sys7,-0.92954014,-0.213724991,,-0.786125553,-1.055468882,0,0,,0.143414588,-0.841743891,-0.841743891,0
Sys9,-1.482450968,-2.672421739,,-0.786125553,-1.055468882,0,0,,0.696325416,1.616952857,0.696325416,0
Sys13,-1.398396819,-0.240478677,,-0.786125553,-1.055468882,0,0,,0.612271267,-0.814990205,-0.814990205,0
Sys14,-2.490980916,1.484893082,,-0.786125553,1.3059024,0,1,,1.704855364,-0.178990683,-0.178990683,1
Sys15,0.734095538,1.422292317,,0.569969766,1.3059024,1,1,,-0.164125772,-0.116389918,-0.164125772,1
Sys18,-0.825797098,0.453686316,,-0.786125553,1.3059024,0,1,,0.039671546,0.852216084,0.039671546,0
Sys22,-1.781325888,0.444036194,,-0.786125553,1.3059024,0,1,,0.995200336,0.861866206,0.861866206,1
Sys23,-1.707178947,-2.295689918,,-0.786125553,-1.055468882,0,0,,0.921053395,1.240221036,0.921053395,0
Sys25,1.436145617,-0.547416247,,0.569969766,-1.055468882,1,0,,-0.866175851,-0.508052635,-0.866175851,1
Sys26,-0.275109618,-2.494848769,,-0.786125553,-1.055468882,0,0,,-0.511015935,1.439379887,-0.511015935,0
Sys27,-2.413785198,-1.843171216,,-0.786125553,-1.055468882,0,0,,1.627659646,0.787702334,0.787702334,0
Sys28,-0.709282971,-2.145936672,,-0.786125553,-1.055468882,0,0,,-0.076842581,1.09046779,-0.076842581,0
Sys29,-0.8315481,-1.945557376,,-0.786125553,-1.055468882,0,0,,0.045422548,0.890088494,0.045422548,0
Sys30,-0.575973521,-1.282984483,,-0.786125553,-1.055468882,0,0,,-0.210152032,0.227515601,-0.210152032,0
Sys33,-0.365503953,-0.519117982,,-0.786125553,-1.055468882,0,0,,-0.4206216,-0.5363509,-0.5363509,0
Sys35,1.906338296,-1.038401379,,0.569969766,-1.055468882,1,0,,-1.33636853,-0.017067503,-1.33636853,1
Sys36,-0.32248223,-0.569976119,,-0.786125553,-1.055468882,0,0,,-0.463643323,-0.485492763,-0.485492763,0
Sys38,-1.001164541,-0.853574231,,-0.786125553,-1.055468882,0,0,,0.215038989,-0.201894651,-0.201894651,0
Sys39,1.305219004,-0.716774284,,0.569969766,-1.055468882,1,0,,-0.735249238,-0.338694598,-0.735249238,1
Sys40,-0.437301243,1.576959405,,-0.786125553,1.3059024,0,1,,-0.34882431,-0.271057006,-0.34882431,0
Sys45,2.653076837,2.077162509,,0.569969766,1.3059024,1,1,,-2.083107071,-0.77126011,-2.083107071,1
Sys46,1.362492963,1.418522393,,0.569969766,1.3059024,1,1,,-0.792523197,-0.112619994,-0.792523197,1
Sys47,2.384643615,1.053699074,,0.569969766,1.3059024,1,1,,-1.814673849,0.252203326,-1.814673849,1
Sys49,0.72171133,-0.929447546,,0.569969766,-1.055468882,1,0,,-0.151741564,-0.126021336,-0.151741564,1
Sys50,2.007416428,-0.601563934,,0.569969766,-1.055468882,1,0,,-1.437446662,-0.453904948,-1.437446662,1
Sys52,-1.316272135,-1.12929659,,-0.786125553,-1.055468882,0,0,,0.530146583,0.073827708,0.073827708,0
Sys53,-0.574690681,-0.187242012,,-0.786125553,-1.055468882,0,0,,-0.211434872,-0.86822687,-0.86822687,0
Sys56,-0.919570683,-0.934130988,,-0.786125553,-1.055468882,0,0,,0.133445131,-0.121337894,-0.121337894,0
Sys57,-0.42520591,-0.851509303,,-0.786125553,-1.055468882,0,0,,-0.360919643,-0.203959579,-0.360919643,0
Sys60,0.140137253,2.298256448,,0.569969766,1.3059024,1,1,,0.429832513,-0.992354049,-0.992354049,1
Sys61,-1.219104747,-0.428239752,,-0.786125553,-1.055468882,0,0,,0.432979195,-0.62722913,-0.62722913,0
Sys63,0.955506456,1.436065465,,0.569969766,1.3059024,1,1,,-0.38553669,-0.130163066,-0.38553669,1
Sys64,-0.507614159,0.875792655,,-0.786125553,1.3059024,0,1,,-0.278511394,0.430109745,-0.278511394,0
Sys65,-0.310348869,-0.565439826,,-0.786125553,-1.055468882,0,0,,-0.475776684,-0.490029056,-0.490029056,0
Sys68,-0.608829686,-0.72051542,,-0.786125553,-1.055468882,0,0,,-0.177295867,-0.334953462,-0.334953462,0
Sys69,-0.135735941,1.436307804,,-0.786125553,1.3059024,0,1,,-0.650389612,-0.130405405,-0.650389612,0
Sys70,-0.703566174,-0.802374516,,-0.786125553,-1.055468882,0,0,,-0.082559378,-0.253094366,-0.253094366,0
Sys71,-0.508675681,-1.509090442,,-0.786125553,-1.055468882,0,0,,-0.277449872,0.45362156,-0.277449872,0
Sys72,-0.431816209,-1.218376588,,-0.786125553,-1.055468882,0,0,,-0.354309344,0.162907706,-0.354309344,0
Sys74,-1.023336533,-0.293363423,,-0.786125553,-1.055468882,0,0,,0.237210981,-0.762105459,-0.762105459,0
Sys76,-0.066644025,-0.851760304,,0.569969766,-1.055468882,1,0,,0.636613791,-0.203708578,-0.203708578,0
Sys77,-2.399032664,-0.226382408,,-0.786125553,-1.055468882,0,0,,1.612907112,-0.829086474,-0.829086474,0
Sys78,-0.456978685,-0.434895285,,-0.786125553,-1.055468882,0,0,,-0.329146868,-0.620573597,-0.620573597,0
Sys79,-2.37950763,-1.210169313,,-0.786125553,-1.055468882,0,0,,1.593382078,0.154700431,0.154700431,0
Sys80,0.353448489,-0.605444305,,0.569969766,-1.055468882,1,0,,0.216521277,-0.450024577,-0.450024577,0
Sys83,0.19904016,-1.841634199,,0.569969766,-1.055468882,1,0,,0.370929606,0.786165317,0.370929606,1
Sys84,-2.458267636,-1.917827299,,-0.786125553,-1.055468882,0,0,,1.672142084,0.862358417,0.862358417,0
Sys86,0.053917723,-1.119375173,,0.569969766,-1.055468882,1,0,,0.516052043,0.063906291,0.063906291,0
Sys89,1.37242965,1.596476035,,0.569969766,1.3059024,1,1,,-0.802459884,-0.290573636,-0.802459884,1
Sys90,0.126960697,0.13146752,,0.569969766,1.3059024,1,1,,0.443009069,1.17443488,0.443009069,1
Sys92,0.854054702,1.88494608,,0.569969766,1.3059024,1,1,,-0.284084936,-0.579043681,-0.579043681,1
Sys94,-1.22024214,-0.584684063,,-0.786125553,-1.055468882,0,0,,0.434116588,-0.470784819,-0.470784819,0
Sys95,0.670373517,1.635202141,,0.569969766,1.3059024,1,1,,-0.100403751,-0.329299742,-0.329299742,1
Sys97,-3.151675406,-1.777018336,,-0.786125553,-1.055468882,0,0,,2.365549854,0.721549454,0.721549454,0
Sys99,0.527494033,1.560632302,,0.569969766,1.3059024,1,1,,0.042475733,-0.254729903,-0.254729903,1
Sys101,-0.514328551,-0.76349828,,-0.786125553,-1.055468882,0,0,,-0.271797002,-0.291970602,-0.291970602,0
Sys103,0.172418901,0.808296787,,0.569969766,1.3059024,1,1,,0.397550865,0.497605613,0.397550865,1
Sys105,-0.499469231,-0.328687815,,-0.786125553,-1.055468882,0,0,,-0.286656322,-0.726781067,-0.726781067,0
Sys106,-0.295324858,0.195857723,,-0.786125553,1.3059024,0,1,,-0.490800695,1.110044677,-0.490800695,0
Sys107,-1.371584765,-1.785960579,,-0.786125553,-1.055468882,0,0,,0.585459213,0.730491697,0.585459213,0
Sys108,-1.374604021,-0.705112015,,-0.786125553,-1.055468882,0,0,,0.588478469,-0.350356867,-0.350356867,0
Sys109,0.567898999,0.401117347,,0.569969766,1.3059024,1,1,,0.002070767,0.904785053,0.002070767,1
Sys111,2.047921563,-0.847964208,,0.569969766,-1.055468882,1,0,,-1.477951797,-0.207504674,-1.477951797,1
Sys113,1.308203491,2.569850306,,0.569969766,1.3059024,1,1,,-0.738233725,-1.263947907,-1.263947907,1
Sys114,-1.676643278,1.813909909,,-0.786125553,1.3059024,0,1,,0.890517726,-0.50800751,-0.50800751,1
Sys116,-0.891375462,-0.297115127,,-0.786125553,-1.055468882,0,0,,0.10524991,-0.758353755,-0.758353755,0
Sys118,-0.654099451,0.057587487,,-0.786125553,-1.055468882,0,0,,-0.132026102,-1.113056369,-1.113056369,0
Sys119,2.084722888,1.469579755,,0.569969766,1.3059024,1,1,,-1.514753122,-0.163677356,-1.514753122,1
Sys120,-1.037207732,-0.804002813,,-0.786125553,-1.055468882,0,0,,0.25108218,-0.251466069,-0.251466069,0
Sys121,-1.184543576,0.196274527,,-0.786125553,1.3059024,0,1,,0.398418024,1.109627873,0.398418024,0
Sys123,2.051580088,0.007192927,,0.569969766,-1.055468882,1,0,,-1.481610322,-1.062661809,-1.481610322,1
Sys124,1.667540017,-0.906340311,,0.569969766,-1.055468882,1,0,,-1.097570251,-0.149128571,-1.097570251,1
Sys125,-0.834297631,-0.830148635,,-0.786125553,-1.055468882,0,0,,0.048172079,-0.225320247,-0.225320247,0
Sys126,-0.255908307,0.260609416,,-0.786125553,1.3059024,0,1,,-0.530217246,1.045292984,-0.530217246,0
Sys127,-0.044904868,0.690290609,,0.569969766,1.3059024,1,1,,0.614874634,0.615611791,0.614874634,1
Sys128,-0.914999826,0.023049196,,-0.786125553,-1.055468882,0,0,,0.128874274,-1.078518078,-1.078518078,0
Sys129,3.142826197,0.329149574,,0.569969766,1.3059024,1,1,,-2.572856431,0.976752826,-2.572856431,1
Sys130,1.540942665,0.042005635,,0.569969766,-1.055468882,1,0,,-0.970972899,-1.097474517,-1.097474517,0
Sys131,0.175670725,-0.830431008,,0.569969766,-1.055468882,1,0,,0.394299041,-0.225037874,-0.225037874,0
Sys132,-0.021592386,-0.706008231,,0.569969766,-1.055468882,1,0,,0.591562152,-0.349460651,-0.349460651,0
Sys133,0.445198418,-1.756295594,,0.569969766,-1.055468882,1,0,,0.124771348,0.700826712,0.124771348,1
Sys134,-1.623851794,-2.646422693,,-0.786125553,-1.055468882,0,0,,0.837726242,1.590953811,0.837726242,0
Sys135,-1.082685782,-2.607551744,,-0.786125553,-1.055468882,0,0,,0.29656023,1.552082862,0.29656023,0
Sys137,-1.994629499,-0.071210136,,-0.786125553,-1.055468882,0,0,,1.208503947,-0.984258746,-0.984258746,0
Sys138,2.292577034,1.463595066,,0.569969766,1.3059024,1,1,,-1.722607268,-0.157692667,-1.722607268,1
Sys140,-0.114116377,-1.758043065,,-0.786125553,-1.055468882,0,0,,-0.672009176,0.702574183,-0.672009176,0
Sys143,-1.05882766,-2.274429501,,-0.786125553,-1.055468882,0,0,,0.272702108,1.218960619,0.272702108,0
Sys144,1.054215154,0.71163699,,0.569969766,1.3059024,1,1,,-0.484245388,0.59426541,-0.484245388,1
Sys145,-0.868904635,-0.208143981,,-0.786125553,-1.055468882,0,0,,0.082779083,-0.847324901,-0.847324901,0
Sys146,-0.972983511,-0.349389868,,-0.786125553,-1.055468882,0,0,,0.186857959,-0.706079014,-0.706079014,0
Sys147,-1.438653392,-0.043686606,,-0.786125553,-1.055468882,0,0,,0.65252784,-1.011782276,-1.011782276,0
Sys150,-1.752484196,-2.75107856,,-0.786125553,-1.055468882,0,0,,0.966358644,1.695609678,0.966358644,0
Sys151,-1.54979818,-1.857514927,,-0.786125553,-1.055468882,0,0,,0.763672628,0.802046045,0.763672628,0
Sys153,-1.037184656,-1.118359166,,-0.786125553,-1.055468882,0,0,,0.251059104,0.062890284,0.062890284,0
Sys154,-1.0926815,-0.283539329,,-0.786125553,-1.055468882,0,0,,0.306555948,-0.771929553,-0.771929553,0
Sys155,-1.337992744,-1.200125128,,-0.786125553,-1.055468882,0,0,,0.551867192,0.144656246,0.144656246,0
Sys158,0.494830527,-0.916103225,,0.569969766,-1.055468882,1,0,,0.075139239,-0.139365657,-0.139365657,0
Sys160,-1.404171617,0.328420627,,-0.786125553,1.3059024,0,1,,0.618046065,0.977481773,0.618046065,0
Sys161,0.944002908,-1.399309701,,0.569969766,-1.055468882,1,0,,-0.374033142,0.343840819,-0.374033142,1
Sys162,0.067610378,-1.243687448,,0.569969766,-1.055468882,1,0,,0.502359388,0.188218566,0.188218566,0
Sys163,0.004100345,0.598861612,,0.569969766,1.3059024,1,1,,0.565869421,0.707040788,0.565869421,1
Sys164,0.886370832,0.742698831,,0.569969766,1.3059024,1,1,,-0.316401066,0.563203569,-0.316401066,1
Sys165,-0.701090977,-0.919276826,,-0.786125553,-1.055468882,0,0,,-0.085034575,-0.136192056,-0.136192056,0
Sys166,-0.536477615,-0.846176252,,-0.786125553,-1.055468882,0,0,,-0.249647938,-0.20929263,-0.249647938,0
Sys168,0.035862199,-1.282945318,,0.569969766,-1.055468882,1,0,,0.534107567,0.227476436,0.227476436,0
Sys169,-2.895339359,-0.96398249,,-0.786125553,-1.055468882,0,0,,2.109213807,-0.091486392,-0.091486392,0
Sys170,-1.519753947,-2.735673865,,-0.786125553,-1.055468882,0,0,,0.733628395,1.680204983,0.733628395,0
Sys172,-1.427218201,-0.017255991,,-0.786125553,-1.055468882,0,0,,0.641092649,-1.038212891,-1.038212891,0
Sys175,-0.435622672,-0.008172084,,-0.786125553,-1.055468882,0,0,,-0.350502881,-1.047296798,-1.047296798,0
Sys176,0.841122836,-0.701977478,,0.569969766,-1.055468882,1,0,,-0.27115307,-0.353491404,-0.353491404,0
Sys179,0.991020491,2.518787175,,0.569969766,1.3059024,1,1,,-0.421050725,-1.212884776,-1.212884776,1
Sys181,-0.075082981,-0.571929249,,0.569969766,-1.055468882,1,0,,0.645052747,-0.483539633,-0.483539633,0
Sys182,-0.269610613,-0.700382957,,-0.786125553,-1.055468882,0,0,,-0.51651494,-0.355085925,-0.51651494,0
Sys184,2.0185198,1.888480485,,0.569969766,1.3059024,1,1,,-1.448550034,-0.582578086,-1.448550034,1
Sys185,1.212914177,0.221908061,,0.569969766,1.3059024,1,1,,-0.642944411,1.083994339,-0.642944411,1
Sys186,1.202027717,0.91799421,,0.569969766,1.3059024,1,1,,-0.632057951,0.38790819,-0.632057951,1
Sys187,-1.779684997,0.330480247,,-0.786125553,1.3059024,0,1,,0.993559445,0.975422153,0.975422153,0
Sys191,-2.676003334,-1.160595247,,-0.786125553,-1.055468882,0,0,,1.889877782,0.105126365,0.105126365,0
Sys192,-1.192083492,-0.267742484,,-0.786125553,-1.055468882,0,0,,0.40595794,-0.787726398,-0.787726398,0
Sys193,-0.223083109,-0.860281851,,-0.786125553,-1.055468882,0,0,,-0.563042444,-0.195187031,-0.563042444,0
Sys194,-0.04274162,-2.549035185,,0.569969766,-1.055468882,1,0,,0.612711386,1.493566303,0.612711386,1
Sys195,0.410152387,2.40080229,,0.569969766,1.3059024,1,1,,0.159817379,-1.094899891,-1.094899891,1
Sys196,-2.921803277,-1.155082288,,-0.786125553,-1.055468882,0,0,,2.135677725,0.099613406,0.099613406,0
Sys200,-1.939243796,-2.206365223,,-0.786125553,-1.055468882,0,0,,1.153118244,1.150896341,1.150896341,0
Sys202,-1.153670666,-3.069152792,,-0.786125553,-1.055468882,0,0,,0.367545114,2.01368391,0.367545114,0
Sys204,0.384304686,-1.112275556,,0.569969766,-1.055468882,1,0,,0.18566508,0.056806674,0.056806674,0
Sys209,-2.832291414,-2.360047025,,-0.786125553,-1.055468882,0,0,,2.046165862,1.304578143,1.304578143,0
Sys210,-2.158198212,-1.596990871,,-0.786125553,-1.055468882,0,0,,1.37207266,0.541521989,0.541521989,0
Sys212,-1.45785641,0.047818261,,-0.786125553,-1.055468882,0,0,,0.671730858,-1.103287143,-1.103287143,0
Sys213,0.756392969,-1.893336628,,0.569969766,-1.055468882,1,0,,-0.186423203,0.837867746,-0.186423203,1
Sys215,0.712093129,-1.376412853,,0.569969766,-1.055468882,1,0,,-0.142123363,0.320943971,-0.142123363,1
Sys216,-1.900937232,-1.646406234,,-0.786125553,-1.055468882,0,0,,1.11481168,0.590937352,0.590937352,0
Sys220,-1.393155232,-0.009813299,,-0.786125553,-1.055468882,0,0,,0.60702968,-1.045655583,-1.045655583,0
Sys221,-1.309366334,-1.335611253,,-0.786125553,-1.055468882,0,0,,0.523240782,0.280142371,0.280142371,0
Sys222,-2.792298055,-0.976466496,,-0.786125553,-1.055468882,0,0,,2.006172503,-0.079002386,-0.079002386,0
Sys223,-0.048689015,0.909132019,,0.569969766,1.3059024,1,1,,0.618658781,0.396770381,0.396770381,1
Sys226,0.101342559,-0.332670092,,0.569969766,-1.055468882,1,0,,0.468627207,-0.72279879,-0.72279879,0
Sys227,-0.93100545,-0.003821975,,-0.786125553,-1.055468882,0,0,,0.144879898,-1.051646907,-1.051646907,0
Sys230,-1.087001364,-1.476477083,,-0.786125553,-1.055468882,0,0,,0.300875812,0.421008201,0.300875812,0
Sys234,0.039651966,-2.545641153,,0.569969766,-1.055468882,1,0,,0.5303178,1.490172271,0.5303178,1
Sys235,-0.288758695,-1.869746665,,-0.786125553,-1.055468882,0,0,,-0.497366858,0.814277783,-0.497366858,0
Sys237,0.800954608,2.049366099,,0.569969766,1.3059024,1,1,,-0.230984842,-0.7434637,-0.7434637,1
Sys238,-2.498292948,-0.664682115,,-0.786125553,-1.055468882,0,0,,1.712167396,-0.390786767,-0.390786767,0
Sys241,-0.925614053,0.122243425,,-0.786125553,-1.055468882,0,0,,0.139488501,-1.177712307,-1.177712307,0
Sys243,-1.837446318,-2.291384706,,-0.786125553,-1.055468882,0,0,,1.051320766,1.235915824,1.051320766,0
Sys247,0.267240163,-0.461053079,,0.569969766,-1.055468882,1,0,,0.302729603,-0.594415803,-0.594415803,0
,,,,,,,,,,,,
Normal,-0.786125553,-1.055468882,,,,,,,,,,
Infected,0.569969766,1.3059024,,,,,,,,,,Predicted Infected
,,,,,,,,,,,,46
,,,,,,,,,,,,% Predicted Infected
,,,,-0.692041201,-1.036897764,,,,,,,31.50%
,,,,0.755066434,1.240682799,,,,,,,
,,,,,,,,,,,,
,,,,-0.880209904,-1.07404,,,,,,,
,,,,0.384873098,1.371122,,,,,,,
