-0.351498735,-0.441090761,0.0
-0.802532652,-1.308481232,0
-0.393869187,-0.759711457,0
-2.294327417,0.354715987,0
-0.3744249,-0.748182483,0
-1.057800766,-2.199631298,0
-0.532613736,0.631420046,0
0.916501728,0.02586914,0
-1.977699978,-0.931546458,0
-0.201883718,0.981982516,1
-0.25187857,-3.593866733,0
-0.624111019,2.190320362,1
0.585734054,-2.760394124,0
-0.472932878,-2.208114447,0
-2.81481745,-0.961019018,0
-1.164849931,-2.329004447,0
-2.388052292,-2.464279271,0
-0.163262798,0.911557667,0
-0.683524562,-0.396034371,0
-0.584188942,-0.729603927,0
0.773366255,0.945494214,0
-0.60884977,-0.780077033,0
-0.403861024,-0.669229621,0
-0.987745171,-1.874746396,0
1.01591339,1.066320941,1
0.908638676,-0.347787863,0
0.265255094,-1.209587242,0
-1.645848858,-1.589584953,0
0.042388437,1.728351334,0
-0.393958172,-2.112185937,0
1.896578069,-1.901249428,0
-0.221287835,-0.405438363,0
0.991983766,1.025899763,1
1.349883992,1.935660839,1
-1.873864777,-1.038697515,0
1.201609262,-1.563851932,0
-0.929653438,-0.893374234,0
-2.864949965,-1.20187287,0
-0.425604763,-2.035164176,0
1.414750836,0.013456397,1
1.494243359,0.709502651,1
0.004242443,-0.37993714,0
-0.650280357,-1.510970539,0
1.529174496,0.970401796,1
-0.350569954,-0.536792649,0
-0.72277435,-0.075065775,0
0.347057686,-1.289569858,0
-1.011584008,-2.761567514,0
-1.102690571,-2.629311456,0
1.774048078,2.092380582,1
-0.397208584,-1.606781753,0
0.500086042,-1.441024677,0
-1.713159739,-0.352467444,0
-0.158207052,2.278580455,1
-2.247109788,-1.235256646,0
-0.568769959,-1.934926005,0
-0.701950269,-0.097415709,0
-0.068564165,-1.495283371,0
-2.010345614,-1.77828514,0
-1.735787924,-0.722979135,0
-0.692590373,-0.320199699,0
-0.338571954,0.96722093,1
-0.923859799,0.522439956,0
0.024386765,-0.920674732,0
0.948436326,0.0497159,0
0.470141165,-0.546419606,0
-0.148542112,-1.953089602,0
0.351669422,3.218414663,1
-0.227872295,0.965091778,1
-0.466349392,2.177208144,1
-1.624604986,0.29461692,0
0.029212079,-0.408524684,1
-0.089497004,-0.467040472,0
-1.136593455,-1.249945835,0
-3.104876034,-0.621154957,0
-1.727624457,-3.339821001,0
0.953074521,0.401402236,1
0.540876151,-1.648171982,0
-0.395546491,-0.826825509,0
-0.126400786,-0.252285539,0
0.803201997,-1.921180155,0
1.497182845,1.707378682,1
-1.965807108,-1.736402035,0
1.306662722,0.200182091,1
-0.651143412,-2.132100186,0
-1.018803639,-0.345686829,0
-0.879575271,-0.111530281,0
-0.730457651,-0.694972997,0
-0.448405598,0.455225792,0
-1.290675031,-0.437498399,0
-2.658942219,-1.724393359,0
-1.586381013,-1.950387653,0
1.326048067,0.897394722,1
0.491455523,-2.398443872,0
-2.15644725,0.465791001,0
-1.583617683,-0.373267696,0
-2.564251506,-2.059519606,0
0.603703192,1.945139513,1
-2.250435963,-0.992815614,0
-1.552191278,-1.721342706,0
