-0.957534764,-3.178586806
-0.92954014,-0.213724991
-1.482450968,-2.672421739
-1.398396819,-0.240478677
-2.490980916,1.484893082
0.734095538,1.422292317
-0.825797098,0.453686316
-1.781325888,0.444036194
-1.707178947,-2.295689918
1.436145617,-0.547416247
-0.275109618,-2.494848769
-2.413785198,-1.843171216
-0.709282971,-2.145936672
-0.8315481,-1.945557376
-0.575973521,-1.282984483
-0.365503953,-0.519117982
1.906338296,-1.038401379
-0.32248223,-0.569976119
-1.001164541,-0.853574231
1.305219004,-0.716774284
-0.437301243,1.576959405
2.653076837,2.077162509
1.362492963,1.418522393
2.384643615,1.053699074
0.72171133,-0.929447546
2.007416428,-0.601563934
-1.316272135,-1.12929659
-0.574690681,-0.187242012
-0.919570683,-0.934130988
-0.42520591,-0.851509303
0.140137253,2.298256448
-1.219104747,-0.428239752
0.955506456,1.436065465
-0.507614159,0.875792655
-0.310348869,-0.565439826
-0.608829686,-0.72051542
-0.135735941,1.436307804
-0.703566174,-0.802374516
-0.508675681,-1.509090442
-0.431816209,-1.218376588
-1.023336533,-0.293363423
-0.066644025,-0.851760304
-2.399032664,-0.226382408
-0.456978685,-0.434895285
-2.37950763,-1.210169313
0.353448489,-0.605444305
0.19904016,-1.841634199
-2.458267636,-1.917827299
0.053917723,-1.119375173
1.37242965,1.596476035
0.126960697,0.13146752
0.854054702,1.88494608
-1.22024214,-0.584684063
0.670373517,1.635202141
-3.151675406,-1.777018336
0.527494033,1.560632302
-0.514328551,-0.76349828
0.172418901,0.808296787
-0.499469231,-0.328687815
-0.295324858,0.195857723
-1.371584765,-1.785960579
-1.374604021,-0.705112015
0.567898999,0.401117347
2.047921563,-0.847964208
1.308203491,2.569850306
-1.676643278,1.813909909
-0.891375462,-0.297115127
-0.654099451,0.057587487
2.084722888,1.469579755
-1.037207732,-0.804002813
-1.184543576,0.196274527
2.051580088,0.007192927
1.667540017,-0.906340311
-0.834297631,-0.830148635
-0.255908307,0.260609416
-0.044904868,0.690290609
-0.914999826,0.023049196
3.142826197,0.329149574
1.540942665,0.042005635
0.175670725,-0.830431008
-0.021592386,-0.706008231
0.445198418,-1.756295594
-1.623851794,-2.646422693
-1.082685782,-2.607551744
-1.994629499,-0.071210136
2.292577034,1.463595066
-0.114116377,-1.758043065
-1.05882766,-2.274429501
1.054215154,0.71163699
-0.868904635,-0.208143981
-0.972983511,-0.349389868
-1.438653392,-0.043686606
-1.752484196,-2.75107856
-1.54979818,-1.857514927
-1.037184656,-1.118359166
-1.0926815,-0.283539329
-1.337992744,-1.200125128
0.494830527,-0.916103225
-1.404171617,0.328420627
0.944002908,-1.399309701
0.067610378,-1.243687448
0.004100345,0.598861612
0.886370832,0.742698831
-0.701090977,-0.919276826
-0.536477615,-0.846176252
0.035862199,-1.282945318
-2.895339359,-0.96398249
-1.519753947,-2.735673865
-1.427218201,-0.017255991
-0.435622672,-0.008172084
0.841122836,-0.701977478
0.991020491,2.518787175
-0.075082981,-0.571929249
-0.269610613,-0.700382957
2.0185198,1.888480485
1.212914177,0.221908061
1.202027717,0.91799421
-1.779684997,0.330480247
-2.676003334,-1.160595247
-1.192083492,-0.267742484
-0.223083109,-0.860281851
-0.04274162,-2.549035185
0.410152387,2.40080229
-2.921803277,-1.155082288
-1.939243796,-2.206365223
-1.153670666,-3.069152792
0.384304686,-1.112275556
-2.832291414,-2.360047025
-2.158198212,-1.596990871
-1.45785641,0.047818261
0.756392969,-1.893336628
0.712093129,-1.376412853
-1.900937232,-1.646406234
-1.393155232,-0.009813299
-1.309366334,-1.335611253
-2.792298055,-0.976466496
-0.048689015,0.909132019
0.101342559,-0.332670092
-0.93100545,-0.003821975
-1.087001364,-1.476477083
0.039651966,-2.545641153
-0.288758695,-1.869746665
0.800954608,2.049366099
-2.498292948,-0.664682115
-0.925614053,0.122243425
-1.837446318,-2.291384706
0.267240163,-0.461053079
